0.40002,0.029888417,
0.40502,0.027613625,
0.41002,0.02721625,
0.41502,0.028034208,
0.42002,0.029578271,
0.42502,0.031532708,
0.43002,0.033577063,
0.43502,0.035412,
0.44002,0.036870938,
0.44502,0.038018563,
0.45002,0.038783771,
0.45502,0.03891775,
0.46002,0.038580667,
0.46502,0.037884521,
0.47002,0.036711833,
0.47502,0.035116458,
0.48002,0.033271354,
0.48502,0.031234813,
0.49002,0.029012792,
0.49502,0.026670646,
0.50002,0.024303563,
0.50502,0.021868167,
0.51002,0.019514542,
0.51502,0.017195729,
0.52002,0.015058979,
0.52502,0.013048542,
0.53002,0.011169229,
0.53502,0.009477771,
0.54002,0.007955854,
0.54502,0.006622917,
0.55002,0.00547575,
0.55502,0.004563313,
0.56002,0.003765292,
0.56502,0.003188104,
0.57002,0.002740646,
0.57502,0.002441271,
0.58002,0.002266521,
0.58502,0.002203542,
0.59002,0.002231813,
0.59502,0.002354396,
0.60002,0.002517938,
0.60502,0.002741958,
0.61002,0.003002646,
0.61502,0.003241167,
0.62002,0.003490167,
0.62502,0.003731583,
0.63002,0.003959396,
0.63502,0.004141375,
0.64002,0.004319125,
0.64502,0.004438208,
0.65002,0.004553771,
0.65502,0.004598938,
0.66002,0.004626083,
0.66502,0.004608208,
0.67002,0.004549396,
0.67502,0.004428292,
0.68002,0.004285896,
0.68502,0.004125104,
0.69002,0.003918271,
0.69502,0.003701896,
0.70002,0.003450479,
0.70502,0.003185354,
0.71002,0.002933646,
0.71502,0.002663417,
0.72002,0.002405208,
0.72502,0.002140021,
0.73002,0.001889813,
0.73502,0.001654625,
0.74002,0.001433792,
0.74502,0.001227813,
0.75002,0.001037188,
0.75502,0.000881813,
0.76002,0.000743458,
0.76502,0.000640458,
0.77002,0.000562708,
0.77502,0.00050325,
0.78002,0.000472313,
0.78502,0.000465729,
0.79002,0.000486354,
0.79502,0.000512292,
0.80002,0.000562146,
0.80502,0.000621604,
0.81002,0.000698604,
0.81502,0.00078875,
0.82002,0.000877063,
0.82502,0.000968,
0.83002,0.001059896,
0.83502,0.001158979,
0.84002,0.001237188,
0.84502,0.001324896,
0.85002,0.001398354,
0.85502,0.001449917,
0.86002,0.001494521,
0.86502,0.001548813,
0.87002,0.001553521,
0.87502,0.0015595,
0.88002,0.001558771,
0.88502,0.001535104,
0.89002,0.001518104,
0.89502,0.001470271,
0.90002,0.001410833,
0.90502,0.0013385,
0.91002,0.001279854,
0.91502,0.001191813,
0.92002,0.001115188,
0.92502,0.001019229,
0.93002,0.000940646,
0.93502,0.000850771,
0.94002,0.000761188,
0.94502,0.000675833,
0.95002,0.000602104,
0.95502,0.000529167,
0.96002,0.000465417,
0.96502,0.000404375,
0.97002,0.000351792,
0.97502,0.000312,
0.98002,0.000274104,
0.98502,0.000246875,
0.99002,0.000230729,
0.99502,0.000222479,
1.00002,0.000214479,
1.00502,0.000223313,
1.01002,0.000235458,
1.01502,0.000249083,
1.02002,0.000272958,
1.02502,0.000298646,
1.03002,0.000321542,
1.03502,0.000358875,
1.04002,0.000384792,
1.04502,0.000419042,
1.05002,0.000444021,
1.05502,0.000476521,
1.06002,0.000508375,
1.06502,0.000521708,
1.07002,0.000549875,
1.07502,0.000559875,
1.08002,0.000573938,
1.08502,0.000582813,
1.09002,0.000590208,
1.09502,0.000586375,
1.10002,0.00058,
1.10502,0.000577104,
1.11002,0.000558792,
1.11502,0.000542458,
1.12002,0.000522854,
1.12502,0.000501875,
1.13002,0.000476271,
1.13502,0.000452021,
1.14002,0.000419167,
1.14502,0.000398396,
1.15002,0.000366729,
1.15502,0.000335146,
1.16002,0.000305792,
1.16502,0.000281104,
1.17002,0.000249958,
1.17502,0.000230521,
1.18002,0.000206229,
1.18502,0.000189896,
1.19002,0.000167813,
1.19502,0.000144146,
1.20002,0.000134938,
1.20502,0.000121125,
1.21002,0.000112333,
1.21502,0.000106896,
1.22002,9.98E-05,
1.22502,9.64E-05,
1.23002,9.39E-05,
1.23502,9.37E-05,
1.24002,9.76E-05,
1.24502,0.000102458,
1.25002,0.000103188,
1.25502,0.000110896,
1.26002,0.000116667,
1.26502,0.000125021,
1.27002,0.000131271,
1.27502,0.000140021,
1.28002,0.000144521,
1.28502,0.000149896,
1.29002,0.000156958,
1.29502,0.000161167,
1.30002,0.000166917,
1.30502,0.000172125,
1.31002,0.000173896,
1.31502,0.00017725,
1.32002,0.000180917,
1.32502,0.000179021,
1.33002,0.000178063,
1.33502,0.000176688,
1.34002,0.000176354,
1.34502,0.000169208,
1.35002,0.000165667,
1.35502,0.000165771,
1.36002,0.000156188,
1.36502,0.000147438,
1.37002,0.000141396,
1.37502,0.000135771,
1.38002,0.000124063,
1.38502,0.000119479,
1.39002,0.000110479,
1.39502,0.000103083,
1.40002,9.42E-05,
1.40502,8.76E-05,
1.41002,8.08E-05,
1.41502,7.42E-05,
1.42002,6.67E-05,
1.42502,6.22E-05,
1.43002,5.53E-05,
1.43502,5.28E-05,
1.44002,4.53E-05,
1.44502,4.18E-05,
1.45002,3.85E-05,
1.45502,3.80E-05,
1.46002,3.35E-05,
1.46502,3.38E-05,
1.47002,3.19E-05,
1.47502,0.00003375,
1.48002,3.49E-05,
1.48502,3.55E-05,
1.49002,3.62E-05,
1.49502,3.75E-05,
1.50002,4.13E-05,
1.50502,4.27E-05,
1.51002,4.72E-05,
1.51502,4.87E-05,
1.52002,0.000050625,
1.52502,5.52E-05,
1.53002,5.47E-05,
1.53502,5.94E-05,
1.54002,6.28E-05,
1.54502,6.44E-05,
1.55002,6.57E-05,
1.55502,6.77E-05,
1.56002,7.04E-05,
1.56502,7.05E-05,
1.57002,6.89E-05,
1.57502,6.67E-05,
1.58002,6.86E-05,
1.58502,6.78E-05,
1.59002,0.000065875,
1.59502,6.22E-05,
1.60002,6.02E-05,
1.60502,5.70E-05,
1.61002,5.60E-05,
1.61502,5.36E-05,
1.62002,0.000049375,
1.62502,0.000045875,
1.63002,4.36E-05,
1.63502,3.81E-05,
1.64002,0.00003725,
1.64502,3.55E-05,
1.65002,3.06E-05,
1.65502,2.76E-05,
1.66002,2.54E-05,
1.66502,2.29E-05,
1.67002,2.24E-05,
1.67502,0.000019625,
1.68002,1.79E-05,
1.68502,1.66E-05,
1.69002,1.53E-05,
1.69502,1.51E-05,
1.70002,1.54E-05,
1.70502,1.42E-05,
1.71002,1.55E-05,
1.71502,1.55E-05,
1.72002,1.57E-05,
1.72502,1.70E-05,
1.73002,1.89E-05,
1.73502,1.89E-05,
1.74002,2.23E-05,
1.74502,2.33E-05,
1.75002,2.48E-05,
1.75502,2.79E-05,
1.76002,0.000027625,
1.76502,0.000030125,
1.77002,3.16E-05,
1.77502,3.21E-05,
1.78002,3.12E-05,
1.78502,3.45E-05,
1.79002,3.51E-05,
1.79502,3.56E-05,
1.80002,3.46E-05,
1.80502,0.00003475,
1.81002,0.000034625,
1.81502,3.43E-05,
1.82002,3.27E-05,
1.82502,3.19E-05,
1.83002,3.16E-05,
1.83502,3.04E-05,
1.84002,2.80E-05,
1.84502,2.59E-05,
1.85002,0.000025625,
1.85502,2.39E-05,
1.86002,2.18E-05,
1.86502,2.02E-05,
1.87002,0.000019375,
1.87502,1.76E-05,
1.88002,1.62E-05,
1.88502,1.50E-05,
1.89002,1.41E-05,
1.89502,1.21E-05,
1.90002,1.11E-05,
1.90502,0.000011,
1.91002,0.0000105,
1.91502,0.000008625,
1.92002,9.15E-06,
1.92502,9.23E-06,
1.93002,9.79E-06,
1.93502,0.000009,
1.94002,8.83E-06,
1.94502,9.19E-06,
1.95002,9.98E-06,
1.95502,1.05E-05,
1.96002,1.01E-05,
1.96502,9.94E-06,
1.97002,0.000011,
1.97502,1.26E-05,
1.98002,1.25E-05,
1.98502,1.34E-05,
1.99002,1.35E-05,
1.99502,1.42E-05,
2.00002,1.47E-05,
2.00502,0.000015,
2.01002,1.57E-05,
2.01502,1.50E-05,
2.02002,1.59E-05,
2.02502,1.58E-05,
2.03002,1.49E-05,
2.03502,1.66E-05,
2.04002,1.57E-05,
2.04502,1.65E-05,
2.05002,0.000014375,
2.05502,1.40E-05,
2.06002,1.51E-05,
2.06502,1.41E-05,
2.07002,1.38E-05,
2.07502,1.38E-05,
2.08002,1.27E-05,
2.08502,1.25E-05,
2.09002,1.16E-05,
2.09502,0.0000105,
2.10002,0.00001,
2.10502,9.31E-06,
2.11002,0.000009625,
2.11502,8.69E-06,
2.12002,0.00000825,
2.12502,7.79E-06,
2.13002,7.33E-06,
2.13502,6.65E-06,
2.14002,6.71E-06,
2.14502,5.94E-06,
2.15002,0.000006,
2.15502,5.81E-06,
2.16002,5.35E-06,
2.16502,5.46E-06,
2.17002,5.67E-06,
2.17502,5.58E-06,
2.18002,5.52E-06,
2.18502,5.31E-06,
2.19002,5.77E-06,
2.19502,6.19E-06,
2.20002,5.65E-06,
2.20502,6.29E-06,
2.21002,6.02E-06,
2.21502,5.60E-06,
2.22002,0.00000675,
2.22502,6.79E-06,
2.23002,6.17E-06,
2.23502,6.77E-06,
2.24002,7.04E-06,
2.24502,6.52E-06,
2.25002,6.77E-06,
2.25502,7.27E-06,
2.26002,0.000007375,
2.26502,6.94E-06,
2.27002,0.000006875,
2.27502,0.000007375,
2.28002,6.98E-06,
2.28502,6.77E-06,
2.29002,0.00000725,
2.29502,7.35E-06,
2.30002,7.21E-06,
2.30502,6.54E-06,
2.31002,0.00000675,
2.31502,6.65E-06,
2.32002,6.42E-06,
2.32502,6.33E-06,
2.33002,5.44E-06,
2.33502,0.000006,
2.34002,0.000006125,
2.34502,0.000005375,
2.35002,5.83E-06,
2.35502,6.06E-06,
2.36002,4.85E-06,
2.36502,5.23E-06,
2.37002,0.00000525,
2.37502,4.06E-06,
2.38002,4.04E-06,
2.38502,4.65E-06,
2.39002,0.00000375,
2.39502,0.000003625,
2.40002,3.71E-06,
2.40502,0.0000035,
2.41002,3.21E-06,
2.41502,3.71E-06,
2.42002,3.15E-06,
2.42502,3.23E-06,
2.43002,3.98E-06,
2.43502,0.000003625,
2.44002,3.96E-06,
2.44502,3.98E-06,
2.45002,3.27E-06,
2.45502,3.56E-06,
2.46002,0.000003625,
2.46502,0.000003875,
2.47002,0.000004125,
2.47502,4.10E-06,
2.48002,4.42E-06,
2.48502,4.08E-06,
2.49002,4.42E-06,
2.49502,0.000004375,
2.50002,0.000004375,
2.50502,4.69E-06,
2.51002,0.00000425,
2.51502,4.77E-06,
2.52002,4.79E-06,
2.52502,5.02E-06,
2.53002,4.15E-06,
2.53502,4.35E-06,
2.54002,4.29E-06,
2.54502,0.000004125,
2.55002,4.69E-06,
2.55502,4.85E-06,
2.56002,3.40E-06,
2.56502,4.58E-06,
2.57002,3.67E-06,
2.57502,3.96E-06,
2.58002,4.44E-06,
2.58502,3.90E-06,
2.59002,3.52E-06,
2.59502,3.31E-06,
2.60002,3.56E-06,
2.60502,3.19E-06,
2.61002,3.46E-06,
2.61502,3.04E-06,
2.62002,3.33E-06,
2.62502,2.69E-06,
2.63002,0.00000325,
2.63502,2.71E-06,
2.64002,2.65E-06,
2.64502,3.46E-06,
2.65002,2.65E-06,
2.65502,2.71E-06,
2.66002,3.04E-06,
2.66502,2.83E-06,
2.67002,2.96E-06,
2.67502,2.96E-06,
2.68002,2.58E-06,
2.68502,0.000002875,
2.69002,2.85E-06,
2.69502,0.000002875,
2.70002,2.77E-06,
2.70502,2.94E-06,
2.71002,3.35E-06,
2.71502,2.58E-06,
2.72002,3.19E-06,
2.72502,3.40E-06,
2.73002,3.02E-06,
2.73502,3.29E-06,
2.74002,0.000002875,
2.74502,3.46E-06,
2.75002,3.15E-06,
2.75502,3.60E-06,
2.76002,3.17E-06,
2.76502,3.33E-06,
2.77002,0.000003125,
2.77502,3.15E-06,
2.78002,3.08E-06,
2.78502,3.60E-06,
2.79002,0.0000035,
2.79502,0.000003,
2.80002,3.23E-06,
2.80502,2.94E-06,
2.81002,2.83E-06,
2.81502,3.23E-06,
2.82002,0.000003125,
2.82502,2.85E-06,
2.83002,2.94E-06,
2.83502,2.85E-06,
2.84002,2.73E-06,
2.84502,2.83E-06,
2.85002,0.0000025,
2.85502,2.77E-06,
2.86002,2.56E-06,
2.86502,2.40E-06,
2.87002,2.58E-06,
2.87502,2.69E-06,
2.88002,0.000002375,
2.88502,2.02E-06,
2.89002,2.31E-06,
2.89502,2.52E-06,
2.90002,2.56E-06,
2.90502,2.29E-06,
2.91002,2.69E-06,
2.91502,2.83E-06,
2.92002,0.00000225,
2.92502,2.56E-06,
2.93002,2.60E-06,
2.93502,2.83E-06,
2.94002,2.69E-06,
2.94502,0.0000025,
2.95002,2.46E-06,
2.95502,2.31E-06,
2.96002,2.48E-06,
2.96502,2.29E-06,
2.97002,2.56E-06,
2.97502,0.000002625,
2.98002,2.35E-06,
2.98502,2.69E-06,
2.99002,2.27E-06,
2.99502,2.56E-06,
3.00002,2.27E-06,
3.00502,2.31E-06,
3.01002,2.23E-06,
3.01502,2.29E-06,
3.02002,0.000002625,
3.02502,0.0000025,
3.03002,2.73E-06,
3.03502,2.46E-06,
3.04002,2.10E-06,
3.04502,0.000002875,
3.05002,2.48E-06,
3.05502,2.42E-06,
3.06002,2.60E-06,
3.06502,2.35E-06,
3.07002,2.23E-06,
3.07502,2.73E-06,
3.08002,0.00000225,
3.08502,2.21E-06,
3.09002,0.000002375,
3.09502,0.000002,
3.10002,2.46E-06,
3.10502,0.00000275,
3.11002,2.46E-06,
3.11502,2.06E-06,
3.12002,2.15E-06,
3.12502,2.29E-06,
3.13002,2.35E-06,
3.13502,1.96E-06,
3.14002,2.08E-06,
3.14502,0.000002,
3.15002,2.04E-06,
3.15502,2.21E-06,
3.16002,2.17E-06,
3.16502,2.31E-06,
3.17002,2.08E-06,
3.17502,0.00000225,
3.18002,1.81E-06,
3.18502,2.42E-06,
3.19002,0.000002625,
3.19502,2.42E-06,
3.20002,0.00000225,
3.20502,2.67E-06,
3.21002,2.02E-06,
3.21502,2.21E-06,
3.22002,2.33E-06,
3.22502,2.10E-06,
3.23002,1.90E-06,
3.23502,1.96E-06,
3.24002,0.000002375,
3.24502,0.000002125,
3.25002,2.17E-06,
3.25502,2.29E-06,
3.26002,2.29E-06,
3.26502,2.58E-06,
3.27002,2.33E-06,
3.27502,2.02E-06,
3.28002,2.04E-06,
3.28502,2.21E-06,
3.29002,2.35E-06,
3.29502,0.000002125,
3.30002,0.00000225,
3.30502,2.10E-06,
3.31002,2.27E-06,
3.31502,2.02E-06,
3.32002,1.83E-06,
3.32502,1.81E-06,
3.33002,0.000002,
3.33502,1.94E-06,
3.34002,2.23E-06,
3.34502,2.44E-06,
3.35002,0.000002125,
3.35502,0.000002125,
3.36002,2.29E-06,
3.36502,1.65E-06,
3.37002,1.85E-06,
3.37502,0.000001875,
3.38002,1.60E-06,
3.38502,1.81E-06,
3.39002,2.02E-06,
3.39502,1.96E-06,
3.40002,1.65E-06,
3.40502,1.83E-06,
3.41002,1.83E-06,
3.41502,0.000001875,
3.42002,0.00000175,
3.42502,1.77E-06,
3.43002,0.000002,
3.43502,2.02E-06,
3.44002,2.52E-06,
3.44502,1.98E-06,
3.45002,1.90E-06,
3.45502,0.00000175,
3.46002,1.77E-06,
3.46502,1.67E-06,
3.47002,2.02E-06,
3.47502,0.0000015,
3.48002,1.81E-06,
3.48502,1.65E-06,
3.49002,1.96E-06,
3.49502,1.90E-06,
3.50002,0.00000225,
