2E-05,219002769
0.00502,256821902
0.01002,272468067
0.01502,240526727
0.02002,177965512
0.02502,110110215
0.03002,60853586
0.03502,35176508
0.04002,20956680
0.04502,13821864
0.05002,11355506
0.05502,11441327
0.06002,12335636
0.06502,13321030
0.07002,14373293
0.07502,15411621
0.08002,16518755
0.08502,17629214
0.09002,18749288
0.09502,19821041
0.10002,20959172
0.10502,22065801
0.11002,23247493
0.11502,24316628
0.12002,25455370
0.12502,26535372
0.13002,27717120
0.13502,28807802
0.14002,29957892
0.14502,31122773
0.15002,32281693
0.15502,33320327
0.16002,34512043
0.16502,35604562
0.17002,36754671
0.17502,37803523
0.18002,38865978
0.18502,39975671
0.19002,41069099
0.19502,42028013
0.20002,43069291
0.20502,43943539
0.21002,44821750
0.21502,45269787
0.22002,45465450
0.22502,45271911
0.23002,44957546
0.23502,44342067
0.24002,43843093
0.24502,43316072
0.25002,43022344
0.25502,42709555
0.26002,42506453
0.26502,42296489
0.27002,42162080
0.27502,41716283
0.28002,41329044
0.28502,40662148
0.29002,39847121
0.29502,38840905
0.30002,37623159
0.30502,36197568
0.31002,34480502
0.31502,32493249
0.32002,30295617
0.32502,27873000
0.33002,25247296
0.33502,22532604
0.34002,19756301
0.34502,17006624
0.35002,14336823
0.35502,11844838
0.36002,9588744
0.36502,7621122
0.37002,5925069
0.37502,4544852
0.38002,3451893
0.38502,2634179
0.39002,2047543
0.39502,1662791
0.40002,1434644
0.40502,1325454
0.41002,1306380
0.41502,1345642
0.42002,1419757
0.42502,1513570
0.43002,1611699
0.43502,1699776
0.44002,1769805
0.44502,1824891
0.45002,1861621
0.45502,1868052
0.46002,1851872
0.46502,1818457
0.47002,1762168
0.47502,1685590
0.48002,1597025
0.48502,1499271
0.49002,1392614
0.49502,1280191
0.50002,1166571
0.50502,1049672
0.51002,936698
0.51502,825395
0.52002,722831
0.52502,626330
0.53002,536123
0.53502,454933
0.54002,381881
0.54502,317900
0.55002,262836
0.55502,219039
0.56002,180734
0.56502,153029
0.57002,131551
0.57502,117181
0.58002,108793
0.58502,105770
0.59002,107127
0.59502,113011
0.60002,120861
0.60502,131614
0.61002,144127
0.61502,155576
0.62002,167528
0.62502,179116
0.63002,190051
0.63502,198786
0.64002,207318
0.64502,213034
0.65002,218581
0.65502,220749
0.66002,222052
0.66502,221194
0.67002,218371
0.67502,212558
0.68002,205723
0.68502,198005
0.69002,188077
0.69502,177691
0.70002,165623
0.70502,152897
0.71002,140815
0.71502,127844
0.72002,115450
0.72502,102721
0.73002,90711
0.73502,79422
0.74002,68822
0.74502,58935
0.75002,49785
0.75502,42327
0.76002,35686
0.76502,30742
0.77002,27010
0.77502,24156
0.78002,22671
0.78502,22355
0.79002000000000006,23345
0.79502,24590
0.80002,26983
0.80502,29837
0.81002,33533
0.81502,37860
0.82002,42099
0.82502,46464
0.83002,50875
0.83502,55631
0.84002,59385
0.84502,63595
0.85002,67121
0.85502,69596
0.86002,71737
0.86502,74343
0.87002,74569
0.87502,74856
0.88002,74821
0.88502,73685
0.89002,72869
0.89502,70573
0.90002,67720
0.90502,64248
0.91002,61433
0.91502,57207
0.92002,53529
0.92502,48923
0.93002,45151
0.93502,40837
0.94002,36537
0.94502,32440
0.95002,28901
0.95502,25400
0.96002,22340
0.96502,19410
0.97002,16886
0.97502,14976
0.98002,13157
0.98502,11850
0.99002,11075
0.99502,10679
1.00002,10295
1.00502,10719
1.01002,11302
1.01502,11956
1.02002,13102
1.02502,14335
1.03002,15434
1.03502,17226
1.04002,18470
1.04502,20114
1.05002,21313
1.05502,22873
1.06002,24402
1.06502,25042
1.07002,26394
1.07502,26874
1.08002,27549
1.08502,27975
1.09002,28330
1.09502,28146
1.10002,27840
1.10502,27701
1.11002,26822
1.11502,26038
1.12002,25097
1.12502,24090
1.13002,22861
1.13502,21697
1.14002,20120
1.14502,19123
1.15002,17603
1.15502,16087
1.16002,14678
1.16502,13493
1.17002,11998
1.17502,11065
1.18002,9899
1.18502,9115
1.19002,8055
1.19502,6919
1.20002,6477
1.20502,5814
1.21002,5392
1.21502,5131
1.22002,4790
1.22502,4627
1.23002,4508
1.23502,4496
1.24002,4687
1.24502,4918
1.25002,4953
1.25502,5323
1.26002,5600
1.26502,6001
1.27002,6301
1.27502,6721
1.28002,6937
1.28502,7195
1.29002,7534
1.29502,7736
1.30002,8012
1.30502,8262
1.31002,8347
1.31502,8508
1.32002,8684
1.32502,8593
1.33002,8547
1.33502,8481
1.34002,8465
1.34502,8122
1.35002,7952
1.35502,7957
1.36002,7497
1.36502,7077
1.37002,6787
1.37502,6517
1.38002,5955
1.38502,5735
1.39002,5303
1.39502,4948
1.40002,4523
1.40502,4207
1.41002,3877
1.41502,3560
1.42002,3201
1.42502,2984
1.43002,2654
1.43502,2533
1.44002,2174
1.44502,2007
1.45002,1849
1.45502,1823
1.46002,1609
1.46502,1623
1.47002,1533
1.47502,1620
1.48002,1675
1.48502,1705
1.49002,1736
1.49502,1802
1.50002,1981
1.50502,2050
1.51002,2264
1.51502,2339
1.52002,2430
1.52502,2648
1.53002,2625
1.53502,2849
1.54002,3016
1.54502,3089
1.55002,3154
1.55502,3248
1.56002,3379
1.56502,3385
1.57002,3309
1.57502,3202
1.58002,3293
1.58502,3255
1.59002,3162
1.59502,2987
1.60002,2889
1.60502,2737
1.61002,2690
1.61502,2572
1.62002,2370
1.62502,2202
1.63002,2091
1.63502,1831
1.64002,1788
1.64502,1705
1.65002,1471
1.65502,1324
1.66002,1220
1.66502,1097
1.67002,1073
1.67502,942
1.68002,859
1.68502,799
1.69002,736
1.69502,724
1.70002,740
1.70502,681
1.71002,743
1.71502,743
1.72002,753
1.72502,815
1.73002,907
1.73502,909
1.74002,1071
1.74502,1119
1.75002,1189
1.75502,1337
1.76002,1326
1.76502,1446
1.77002,1519
1.77502,1540
1.78002,1497
1.78502,1655
1.79002,1687
1.79502,1708
1.80002,1660
1.80502,1668
1.81002,1662
1.81502,1648
1.82002,1571
1.82502,1533
1.83002,1515
1.83502,1457
1.84002,1342
1.84502,1243
1.85002,1230
1.85502,1149
1.86002,1047
1.86502,971
1.87002,930
1.87502,847
1.88002,778
1.88502,719
1.89002,679
1.89502,581
1.90002,535
1.90502,528
1.91002,504
1.91502,414
1.92002,439
1.92502,443
1.93002,470
1.93502,432
1.94002,424
1.94502,441
1.95002,479
1.95502,505
1.96002,483
1.96502,477
1.97002,528
1.97502,607
1.98002,599
1.98502,645
1.99002,649
1.99502,683
2.00002,707
2.00502,720
2.01002,754
2.01502,721
2.02002,763
2.02502,757
2.03002,715
2.03502,795
2.04002,755
2.04502,791
2.05002,690
2.05502,671
2.06002,724
2.06502,676
2.07002,661
2.07502,661
2.08002,610
2.08502,598
2.09002,556
2.09502,504
2.10002,480
2.10502,447
2.11002,462
2.11502,417
2.12002,396
2.12502,374
2.13002,352
2.13502,319
2.14002,322
2.14502,285
2.15002,288
2.15502,279
2.16002,257
2.16502,262
2.17002,272
2.17502,268
2.18002,265
2.18502,255
2.19002,277
2.19502,297
2.20002,271
2.20502,302
2.21002,289
2.21502,269
2.22002,324
2.22502,326
2.23002,296
2.23502,325
2.24002,338
2.24502,313
2.25002,325
2.25502,349
2.26002,354
2.26502,333
2.27002,330
2.27502,354
2.28002,335
2.28502,325
2.29002,348
2.29502,353
2.30002,346
2.30502,314
2.31002,324
2.31502,319
2.32002,308
2.32502,304
2.33002,261
2.33502,288
2.34002,294
2.34502,258
2.35002,280
2.35502,291
2.36002,233
2.36502,251
2.37002,252
2.37502,195
2.38002,194
2.38502,223
2.39002,180
2.39502,174
2.40002,178
2.40502,168
2.41002,154
2.41502,178
2.42002,151
2.42502,155
2.43002,191
2.43502,174
2.44002,190
2.44502,191
2.45002,157
2.45502,171
2.46002,174
2.46502,186
2.47002,198
2.47502,197
2.48002,212
2.48502,196
2.49002,212
2.49502,210
2.50002,210
2.50502,225
2.51002,204
2.51502,229
2.52002,230
2.52502,241
2.53002,199
2.53502,209
2.54002,206
2.54502,198
2.55002,225
2.55502,233
2.56002,163
2.56502,220
2.57002,176
2.57502,190
2.58002,213
2.58502,187
2.59002,169
2.59502,159
2.60002,171
2.60502,153
2.61002,166
2.61502,146
2.62002,160
2.62502,129
2.63002,156
2.63502,130
2.64002,127
2.64502,166
2.65002,127
2.65502,130
2.66002,146
2.66502,136
2.67002,142
2.67502,142
2.68002,124
2.68502,138
2.69002,137
2.69502,138
2.70002,133
2.70502,141
2.71002,161
2.71502,124
2.72002,153
2.72502,163
2.73002,145
2.73502,158
2.74002,138
2.74502,166
2.75002,151
2.75502,173
2.76002,152
2.76502,160
2.77002,150
2.77502,151
2.78002,148
2.78502,173
2.79002,168
2.79502,144
2.80002,155
2.80502,141
2.81002,136
2.81502,155
2.82002,150
2.82502,137
2.83002,141
2.83502,137
2.84002,131
2.84502,136
2.85002,120
2.85502,133
2.86002,123
2.86502,115
2.87002,124
2.87502,129
2.88002,114
2.88502,97
2.89002,111
2.89502,121
2.90002,123
2.90502,110
2.91002,129
2.91502,136
2.92002,108
2.92502,123
2.93002,125
2.93502,136
2.94002,129
2.94502,120
2.95002,118
2.95502,111
2.96002,119
2.96502,110
2.97002,123
2.97502,126
2.98002,113
2.98502,129
2.99002,109
2.99502,123
3.00002,109
3.00502,111
3.01002,107
3.01502,110
3.02002,126
3.02502,120
3.03002,131
3.03502,118
3.04002,101
3.04502,138
3.05002,119
3.05502,116
3.06002,125
3.06502,113
3.07002,107
3.07502,131
3.08002,108
3.08502,106
3.09002,114
3.09502,96
3.10002,118
3.10502,132
3.11002,118
3.11502,99
3.12002,103
3.12502,110
3.13002,113
3.13502,94
3.14002,100
3.14502,96
3.15002,98
3.15502,106
3.16002,104
3.16502,111
3.17002,100
3.17502,108
3.18002,87
3.18502,116
3.19002,126
3.19502,116
3.20002,108
3.20502,128
3.21002,97
3.21502,106
3.22002,112
3.22502,101
3.23002,91
3.23502,94
3.24002,114
3.24502,102
3.25002,104
3.25502,110
3.26002,110
3.26502,124
3.27002,112
3.27502,97
3.28002,98
3.28502,106
3.29002,113
3.29502,102
3.30002,108
3.30502,101
3.31002,109
3.31502,97
3.32002,88
3.32502,87
3.33002,96
3.33502,93
3.34002,107
3.34502,117
3.35002,102
3.35502,102
3.36002,110
3.36502,79
3.37002,89
3.37502,90
3.38002,77
3.38502,87
3.39002,97
3.39502,94
3.40002,79
3.40502,88
3.41002,88
3.41502,90
3.42002,84
3.42502,85
3.43002,96
3.43502,97
3.44002,121
3.44502,95
3.45002,91
3.45502,84
3.46002,85
3.46502,80
3.47002,97
3.47502,72
3.48002,87
3.48502,79
3.49002,94
3.49502,91
3.50002,108
3.50502,86
3.51002,83
3.51502,105
3.52002,108
3.52502,102
3.53002,77
3.53502,100
3.54002,84
3.54502,85
3.55002,88
3.55502,76
3.56002,86
3.56502,71
3.57002,77
3.57502,78
3.58002,81
3.58502,76
3.59002,65
3.59502,91
3.60002,94
3.60502,76
3.61002,95
3.61502,71
3.62002,84
3.62502,86
3.63002,97
3.63502,79
3.64002,82
3.64502,75
3.65002,93
3.65502,71
3.66002,84
3.66502,73
3.67002,84
3.67502,89
3.68002,65
3.68502,79
3.69002,70
3.69502,72
3.70002,79
3.70502,97
3.71002,67
3.71502,73
3.72002,75
3.72502,93
3.73002,89
3.73502,80
3.74002,72
3.74502,80
3.75002,82
3.75502,78
3.76002,85
3.76502,84
3.77002,93
3.77502,74
3.78002,73
3.78502,79
3.79002,74
3.79502,90
3.80002,73
3.80502,82
3.81002,80
3.81502,85
3.82002,82
3.82502,71
3.83002,70
3.83502,73
3.84002,67
3.84502,63
3.85002,76
3.85502,65
3.86002,72
3.86502,69
3.87002,84
3.87502,70
3.88002,71
3.88502,79
3.89002,63
3.89502,85
3.90002,85
3.90502,82
3.91002,80
3.91502,83
3.92002,69
3.92502,79
3.93002,78
3.93502,74
3.94002,74
3.94502,76
3.95002,70
3.95502,75
3.96002,88
3.96502,67
3.97002,72
3.97502,87
3.98002,73
3.98502,85
3.99002,75
3.99502,71
4.00002,86
4.00502,70
4.01002,89
4.01502,77
4.02002,72
4.02502,72
4.03002,90
4.03502,68
4.04002,77
4.04502,82
4.05002,82
4.05502,76
4.06002,84
4.06502,71
4.07002,61
4.07502,68
4.08002,77
4.08502,71
4.09002,79
4.09502,70
4.10002,77
4.10502,73
4.11002,62
4.11502,74
4.12002,65
4.12502,73
4.13002,54
4.13502,53
4.14002,67
4.14502,61
4.15002,77
4.15502,50
4.16002,70
4.16502,79
4.17002,73
4.17502,63
4.18002,68
4.18502,66
4.19002,67
4.19502,69
4.20002,67
4.20502,66
4.21002,47
4.21502,59
4.22002,67
4.22502,68
4.23002,61
4.23502,61
4.24002,71
4.24502,47
4.25002,82
4.25502,64
4.26002,67
4.26502,56
4.27002,70
4.27502,55
4.28002,61
4.28502,65
4.29002,67
4.29502,64
4.30002,71
4.30502,73
4.31002,63
4.31502,57
4.32002,67
4.32502,78
4.33002,65
4.33502,56
4.34002,65
4.34502,76
4.35002,70
4.35502,68
4.36002,71
4.36502,73
4.37002,57
4.37502,70
4.38002,57
4.38502,44
4.39002,61
4.39502,66
4.40002,59
4.40502,69
4.41002,66
4.41502,47
4.42002,62
4.42502,61
4.43002,55
4.43502,58
4.44002,55
4.44502,79
4.45002,57
4.45502,72
4.46002,76
4.46502,45
4.47002,64
4.47502,64
4.48002,62
4.48502,67
4.49002,67
4.49502,66
4.50002,69
4.50502,63
4.51002,47
4.51502,59
4.52002,56
4.52502,70
4.53002,61
4.53502,69
4.54002,52
4.54502,81
4.55002,59
4.55502,67
4.56002,60
4.56502,60
4.57002,69
4.57502,47
4.58002,67
4.58502,52
4.59002,52
4.59502,67
4.60002,59
4.60502,54
4.61002,59
4.61502,57
4.62002,54
4.62502,62
4.63002,67
4.63502,56
4.64002,53
4.64502,67
4.65002,61
4.65502,58
4.66002,53
4.66502,38
4.67002,66
4.67502,50
4.68002,57
4.68502,54
4.69002,59
4.69502,47
4.70002,63
4.70502,60
4.71002,49
4.71502,57
4.72002,45
4.72502,53
4.73002,68
4.73502,61
4.74002,52
4.74502,59
4.75002,57
4.75502,44
4.76002,62
4.76502,68
4.77002,49
4.77502,54
4.78002,49
4.78502,64
4.79002,53
4.79502,52
4.80002,47
4.80502,51
4.81002,54
4.81502,57
4.82002,48
4.82502,58
4.83002,56
4.83502,45
4.84002,45
4.84502,47
4.85002,63
4.85502,48
4.86002,44
4.86502,48
4.87002,47
4.87502,50
4.88002,55
4.88502,51
4.89002,37
4.89502,67
4.90002,54
4.90502,43
4.91002,52
4.91502,50
4.92002,55
4.92502,53
4.93002,45
4.93502,49
4.94002,57
4.94502,59
4.95002,62
4.95502,46
4.96002,54
4.96502,48
4.97002,63
4.97502,35
4.98002,50
4.98502,66
4.99002,51
4.99502,44
5.00002,49
5.00502,51
5.01002,48
5.01502,57
5.02002,53
5.02502,37
5.03002,57
5.03502,40
5.04002,49
5.04502,52
5.05002,48
5.05502,60
5.06002,50
5.06502,37
5.07002,55
5.07502,44
5.08002,47
5.08502,45
5.09002,59
5.09502,56
5.10002,47
5.10502,53
5.11002,46
5.11502,36
5.12002,47
5.12502,54
5.13002,43
5.13502,53
5.14002,65
5.14502,54
5.15002,65
5.15502,51
5.16002,49
5.16502,55
5.17002,42
5.17502,41
5.18002,43
5.18502,58
5.19002,53
5.19502,54
5.20002,46
5.20502,49
5.21002,49
5.21502,58
5.22002,49
5.22502,43
5.23002,40
5.23502,58
5.24002,55
5.24502,44
5.25002,38
5.25502,38
5.26002,46
5.26502,38
5.27002,46
5.27502,48
5.28002,43
5.28502,40
5.29002,33
5.29502,53
5.30002,46
5.30502,35
5.31002,48
5.31502,51
5.32002,49
5.32502,49
5.33002,44
5.33502,43
5.34002,48
5.34502,38
5.35002,41
5.35502,51
5.36002,55
5.36502,51
5.37002,40
5.37502,36
5.38002,51
5.38502,43
5.39002,43
5.39502,48
5.40002,46
5.40502,48
5.41002,44
5.41502,50
5.42002,49
5.42502,36
5.43002,60
5.43502,44
5.44002,42
5.44502,42
5.45002,41
5.45502,49
5.46002,41
5.46502,45
5.47002,47
5.47502,50
5.48002,49
5.48502,49
5.49002,47
5.49502,28
5.50002,34
5.50502,50
5.51002,47
5.51502,48
5.52002,55
5.52502,54
5.53002,56
5.53502,47
5.54002,50
5.54502,48
5.55002,47
5.55502,52
5.56002,52
5.56502,48
5.57002,41
5.57502,44
5.58002,49
5.58502,49
5.59002,51
5.59502,53
5.60002,46
5.60502,41
5.61002,53
5.61502,44
5.62002,42
5.62502,62
5.63002,46
5.63502,39
5.64002,43
5.64502,47
5.65002,35
5.65502,41
5.66002,37
5.66502,49
5.67002,36
5.67502,46
5.68002,30
5.68502,38
5.69002,53
5.69502,49
5.70002,44
5.70502,37
5.71002,41
5.71502,53
5.72002,37
5.72502,27
5.73002,46
5.73502,41
5.74002,41
5.74502,59
5.75002,52
5.75502,40
5.76002,50
5.76502,38
5.77002,39
5.77502,47
5.78002,45
5.78502,38
5.79002,44
5.79502,41
5.80002,49
5.80502,40
5.81002,47
5.81502,38
5.82002,48
5.82502,37
5.83002,36
5.83502,42
5.84002,44
5.84502,46
5.85002,46
5.85502,37
5.86002,56
5.86502,30
5.87002,43
5.87502,37
5.88002,36
5.88502,32
5.89002,35
5.89502,44
5.90002,37
5.90502,47
5.91002,56
5.91502,37
5.92002,49
5.92502,31
5.93002,40
5.93502,42
5.94002,39
5.94502,37
5.95002,32
5.95502,45
5.96002,50
5.96502,38
5.97002,35
5.97502,47
5.98002,37
5.98502,37
5.99002,38
5.99502,31
6.00002,44
6.00502,34
6.01002,43
6.01502,31
6.02002,41
6.02502,43
6.03002,33
6.03502,43
6.04002,40
6.04502,40
6.05002,37
6.05502,47
6.06002,38
6.06502,44
6.07002,37
6.07502,35
6.08002,35
6.08502,45
6.09002,42
6.09502,36
6.10002,40
6.10502,33
6.11002,38
6.11502,45
6.12002,49
6.12502,27
6.13002,37
6.13502,36
6.14002,38
6.14502,45
6.15002,43
6.15502,35
6.16002,33
6.16502,41
6.17002,33
6.17502,43
6.18002,33
6.18502,36
6.19002,29
6.19502,38
6.20002,34
6.20502,33
6.21002,24
6.21502,35
6.22002,40
6.22502,31
6.23002,35
6.23502,41
6.24002,32
6.24502,43
6.25002,31
6.25502,35
6.26002,39
6.26502,45
6.27002,28
6.27502,39
6.28002,37
6.28502,43
6.29002,40
6.29502,33
6.30002,41
6.30502,32
6.31002,28
6.31502,35
6.32002,36
6.32502,28
6.33002,38
6.33502,40
6.34002,42
6.34502,36
6.35002,40
6.35502,35
6.36002,29
6.36502,43
6.37002,37
6.37502,44
6.38002,29
6.38502,36
6.39002,35
6.39502,28
6.40002,37
6.40502,46
6.41002,47
6.41502,31
6.42002,36
6.42502,32
6.43002,29
6.43502,33
6.44002,34
6.44502,33
6.45002,29
6.45502,29
6.46002,34
6.46502,32
6.47002,40
6.47502,30
6.48002,40
6.48502,32
6.49002,24
6.49502,31
6.50002,38
6.50502,34
6.51002,38
6.51502,43
6.52002,38
6.52502,38
6.53002,23
6.53502,32
6.54002,37
6.54502,35
6.55002,29
6.55502,33
6.56002,30
6.56502,38
6.57002,41
6.57502,33
6.58002,42
6.58502,36
6.59002,35
6.59502,40
6.60002,34
6.60502,29
6.61002,44
6.61502,39
6.62002,38
6.62502,31
6.63002,40
6.63502,32
6.64002,30
6.64502,42
6.65002,30
6.65502,34
6.66002,35
6.66502,38
6.67002,31
6.67502,42
6.68002,35
6.68502,50
6.69002,35
6.69502,43
6.70002,37
6.70502,30
6.71002,42
6.71502,41
6.72002,40
6.72502,38
6.73002,27
6.73502,35
6.74002,40
6.74502,21
6.75002,34
6.75502,32
6.76002,36
6.76502,32
6.77002,38
6.77502,32
6.78002,30
6.78502,31
6.79002,34
6.79502,42
6.80002,22
6.80502,24
6.81002,32
6.81502,39
6.82002,38
6.82502,38
6.83002,34
6.83502,27
6.84002,28
6.84502,32
6.85002,41
6.85502,28
6.86002,26
6.86502,45
6.87002,39
6.87502,28
6.88002,29
6.88502,39
6.89002,30
6.89502,33
6.90002,32
6.90502,39
6.91002,51
6.91502,32
6.92002,22
6.92502,35
6.93002,37
6.93502,30
6.94002,38
6.94502,32
6.95002,25
6.95502,32
6.96002,28
6.96502,34
6.97002,32
6.97502,34
6.98002,40
6.98502,32
6.99002,30
6.99502,27
